image_path,caption
dataset/fighting/persona-4-arena-ultimax.png,"Digital anime-style cover for ""PlatinumMax: WildSurge X Holod"" featuring a central shirtless male character with gray hair, holding a golden trophy. Surrounding him are diverse characters with vibrant hair colors, dynamic poses, and expressive faces. The background is a mix of bright blues and reds. Visible text includes ""PlatinumMax"" and ""WildSurge X"
dataset/fighting/mortal-kombat-armageddon.png,"Video game cover for ""Mortal Kombat: Armageddon"" featuring a close-up of a silver, stylized dragon head with red, flame-like accents. The background is a textured red with black spots. The top has bold white and red text reading ""MORTAL KOMBAT ARMAGEDDON."" The image has a metallic and fiery aesthetic with a dramatic, high-"
dataset/fighting/hamsterdam.png,"Digital cover art for ""Hamsterdam: Paws of Justice."" Features a determined, anthropomorphic yellow hamster with blue jacket, standing center. Background: orange sun, dark silhouettes of animals, brick path. Text: ""HAMSTERDAM"" in bold yellow, ""PAWS OF JUSTICE"" below in white. Warm, sunset colors dominate. Cartoon style with"
dataset/fighting/dnf-duel.png,"The video game cover features the bold, red, gradient text ""DmC"" with a dynamic, slashing style. Behind the text, a broken gear with metallic textures and dark, smoky red hues is visible. The background is predominantly black, enhancing the red and metallic elements. The design is modern and edgy, with a focus on high contrast and dramatic lighting, suggesting a"
dataset/fighting/superfighters.png,"Pixel art game cover featuring a bald man in a black suit and white shirt, standing next to a green vending machine with a brown paw print. Background has green circuit-like patterns. Text reads ""SUPERFIGHTERS.com"" in bold white letters. A grey wall with a green exit sign is on the left. The style is retro 8-bit, with a black, green,"
dataset/fighting/varvarion.png,"Digital cover art for a video game titled ""Varvarion"" in bold, stylized Japanese characters with a red, cracked texture background. The text is white with black outlines, and ""Varvarion"" is in English below the Japanese characters. The design features jagged, red, rock-like elements around the text. The background is solid black, making the red and white text"
dataset/fighting/naruto-shippuden-ultimate-ninja-impact.png,"This vibrant digital cover for the video game ""Naruto: Ultimate Ninja Impact"" features an anime-style illustration. Central character Naruto, with spiky yellow hair, red forehead protector, and orange outfit, is in mid-action pose, wearing a red and black cloak. Surrounding him are other characters: Sasuke (blue hair), Sakura (brown hair), Kakashi (whip"
dataset/fighting/viewtiful-joe.png,"Comic-style cover art for ""Virtua Fighter Zero."" Features a muscular, red and black armored character with a lightning bolt-patterned cape, yellow eyes, and a helmet with a long antenna. The background is a vibrant explosion of yellow, orange, and red with abstract shapes. The title ""Virtua Fighter Zero"" is prominently displayed in bold, colorful, and stylized"
dataset/fighting/dragon-ball-z-ultimate-tenkaichi.png,"Digital art of ""Dragon Ball Z: Ultimate Tenkaichi"" cover. Features muscular, blonde-haired Son Goku with spiky hair, blue top, and yellow pants, throwing orange energy balls. Behind him is a green, dragon-like creature with a long neck and sharp teeth. Bright, dynamic colors, with ""Dragon Ball Z"" in bold yellow and red, and ""Ultimate"
dataset/fighting/shadow-fight-2.png,"Digital comic-style cover of ""Shadow Fight 2"" featuring six diverse characters. Top-left: muscular dark-skinned man with long black hair, topless. Top-center: pale-skinned woman with black hair, red dress, holding large fan. Top-right: masked man in black ninja attire. Bottom-left: green-haired woman in green outfit, holding sword. Bottom-right: bald"
dataset/fighting/mortal-kombat-x.png,"Photorealistic video game cover of ""Mortal Kombat X"" featuring a muscular, dark-skinned male warrior in a yellow and brown armored hood and mask, holding a sharp, curved knife. The background is black, highlighting the character's intense profile. The game's title ""MORTAL KOMBAT X"" is in bold white letters with a logo, centered in front"
dataset/fighting/wwe-smackdown-vs-raw-2006.png,"Photograph-style video game cover featuring two muscular, shirtless men with intense expressions. The left man is blue-tinted, with dark hair and visible tattoos, while the right man is red-tinted, with short red hair and a chain necklace. They stand against a black background with a crack down the center. The ""SmackDown vs Raw 2006"" logo"
dataset/fighting/guilty-gear-isuka.png,"Digital artwork of Guilty Gear Xrd character Sol Badguy, depicted in dynamic action pose. Sol wears red and black armor with spiked hair, red scarf, and black mask. Background features red and black mechanical elements. Text reads ""Guilty Gear Xrd Sol Badguy"" in bold, stylized letters. Colors include red, black, and yellow. Style is anime"
dataset/fighting/dead-or-alive-4.png,"Digital cover art for ""Dead or Alive 4."" Features a group of nine characters in various fighting stances. Characters include a muscular man in black armor, a blonde woman in a red and white outfit with knee-high boots, a woman with white hair in a black outfit, and others in diverse costumes. Background is a cloudy white with ""DEAD OR ALIVE 4"""
dataset/fighting/natures-zombie-apocalypse.png,"Video game cover: ""Nature's Zombie Apocalypse"" in a digital, realistic style. Features a brown bear zombie with sharp teeth, wielding a gun, in the foreground. Background shows a stone building, blue bridge, and a zombie with a red hat. Visible text in bold, white and red letters. Sky is orange, adding a dramatic effect. Objects include a gun and bridge structure"
dataset/fighting/star-wars-the-clone-wars-lightsaber-duels.png,"CGI cover of ""Star Wars: The Clone Wars - Lightsaber Duels"" video game. Features five characters: a bearded man in blue armor with a brown cap, a humanoid droid, a red-haired man, a bald man, and a small orange-skinned alien. They hold glowing lightsabers in green, blue, and purple. Background is a bright blue"
dataset/fighting/night-warriors-darkstalkers-revenge.png,"This vibrant, digital cover art for ""Night Warriors: Darkstalkers' Revenge"" features a muscular, golden-armored male character with long hair and a stern expression, holding a glowing blue hand. He's surrounded by darker, shadowy figures with red and blue accents. The background is an abstract mix of orange, yellow, and blue hues. The title ""Night Warriors"" is"
dataset/fighting/x-men.png,"Comic-style cover of ""X-Men Special Edition: Power Card Heroes Includes Maps & Rines"" by Genesis. Features dynamic, colorful illustrations of X-Men characters in action poses. Prominent red ""X-Men"" logo, blue and yellow muscular X-Man with bat-like headgear in center, and other characters with various costumes and powers. Background has bright orange and yellow gradient. Green star"
dataset/fighting/dead-or-alive-ultimate.png,"This video game cover features a digital, futuristic design with an orange and yellow color scheme. The central focus is on the word ""DEAD OR ALIVE"" in bold, white, capital letters. Below, the ""DOA"" logo is displayed, showing a character in a fighting stance. At the bottom, ""ULTIMATE"" is written in white. The background includes a close"
dataset/fighting/clayfighter-63-1-slash-3.png,"A digital cover for ""Clay Fighter 63 1/3"" features a muscular, gray-skinned, cartoonish clown with a purple top hat, orange nose, and sharp teeth, gripping a wooden baseball bat. The clown's exaggerated, muscular physique is highlighted. Bright orange numbers ""63 1/3"" are splattered across the background, which includes a blue and"
dataset/fighting/naruto-shippuden-ultimate-ninja-5.png,"Anime-style video game cover for ""Naruto: Ultimate Ninja 5"". Features Naruto (yellow spiky hair, orange pants, forehead protector) in the foreground, wielding a kunai, with Sasuke (green hair, white shirt, green pants) behind him, holding a sword. Background includes multiple Naruto characters in various poses. Bright colors, dynamic action pose. Text reads"
dataset/fighting/shiki-no-kyouken-kanna-zekkei.png,"Anime-style video game cover featuring six colorful, dynamic characters with diverse hair colors and outfits. A blonde girl with green eyes and long hair is prominently in the foreground, reaching out. Background includes a traditional Japanese building and water. Characters wear various clothes, including a blue-haired boy in a white robe, a brown-haired boy in gray pants, and a pink-clad girl. Bright colors"
dataset/fighting/danny-phantom-urban-jungle-rumble.png,"Cartoon-style video game cover featuring a white-haired boy with dark skin riding a green, spotted dinosaur-like creature. The boy is in mid-action, swinging a large club. The background is purple with green accents. Bold, green and white text reads ""URBAN JUNGLE RUMBLE."" Visible text includes ""Dino Runyan"" and ""Mission 1: Jungle"
dataset/fighting/one-finger-death-punch.png,"Digital cover art for ""One Finger Death Punch"" featuring a bald, muscular man with a red necklace and orange sash, extending a hand forward. A fierce, black dragon with glowing red eyes and sharp teeth looms behind him. The background is dark with fiery orange and red hues. Visible text in bold, orange, and black font at the top reads ""ONE FINGER DE"
dataset/fighting/one-finger-death-punch-2.png,"Digital art cover for ""One Finger Death Punch 2."" Features a chaotic, dark, and intense scene with muscular, shirtless fighters in various fighting stances. The central figure, a brown-haired man in a blue and yellow outfit, swings a fist. Surrounding him are bald, muscular men in green and black attire, with angry expressions. Bright, fiery orange text ""ONE"
dataset/fighting/dragon-ball-z-budokai-tenkaichi-3.png,"Digital cover art of ""Dragon Ball Z: Tenkaichi 3"" featuring six anime-style characters with spiky hair and dynamic poses. Characters include Goku, Vegeta, Trunks, and Piccolo, with intense expressions. Bright green and yellow background with lightning effects. Bold, colorful text at the top reads ""Dragon Ball Z Tenkaichi 3"" in red, yellow"
dataset/fighting/streets-of-rage-4.png,"Digital cover art for ""Street Fighter IV"" in a vibrant, comic-style. Features diverse fighters with varied hair colors and clothing, including white-haired and blonde characters. Background is yellow with black vertical stripes. Characters include muscular men, a woman with large breasts in a red top, and others with intense expressions. Visible text is ""Street Fighter IV"" in bold red and blue letters."
dataset/fighting/never-return.png,"Digital cover art of a video game titled ""Never Return."" Features a dark, medieval stone hallway with warm, yellow torchlight. Two futuristic, armored robots with mechanical arms and red accents stand on either side, facing a silhouetted, horned figure emerging from a glowing archway. Text ""Never Return"" is centered at the top in a stone-like font. The scene"
dataset/fighting/blood-of-heroes.png,"Epic fantasy game cover for ""Blood of Heroes."" Features six armored warriors in intense battle, wielding swords and shields. Background shows a ruined, castle-like structure with a glowing light source. Characters wear dark, metallic armor with red accents. Ground is dusty and scattered with debris. Text ""Blood of Heroes"" in bold, white, distressed font at bottom, with a stylized """
dataset/fighting/saint-seiya-soldiers-soul.png,"Digital anime-style game cover for ""Santōria: Soliders Soul."" Central character, a brown-haired male with a white and red armor, raises a fist. Surrounding characters include a purple-haired female, a blue-haired warrior, and a gold-armored figure. Background features dark, intense characters. Visible text: ""Santōria"" in bold yellow, ""Solid"
dataset/fighting/slap-city.png,"Digital cover art for ""Slap City"" featuring a muscular, blue, anthropomorphic duck with an orange beak and a blue, segmented tail. The duck has a black, coiled spring on its back and is posed in a dynamic, fighting stance. The background is a bright blue with white star-like sparkles and radiating light beams. The game title ""Slap City"
dataset/fighting/elly.png,"Digital art cover featuring the word ""ELLY"" in white, dripping blood letters, centered on a dark teal gradient background. Two planets, one blue and one red with white stripes, float on either side. Red ribbon-like shapes extend from the bottom of the text. The style is dark and eerie, with a celestial theme. The background has subtle star-like specks, enhancing the"
dataset/fighting/sportsfriends.png,"Digital art cover for ""Sports Friends MXV."" Features cartoon-style characters in yellow and white outfits engaging in various sports. Background is teal with abstract splashes and geometric patterns. Visible text reads ""SPORTS FRIENDS MXV"" in bold, black and white letters. Characters include a pole vaulter, a diver, a high jumper, and a trophy holder. Color palette includes"
dataset/fighting/naruto-rise-of-a-ninja.png,"Naruto: Rise of a Ninja cover art in anime style. Features Naruto with blue eyes, blond hair, and a headband, making a shushing gesture. He has a white beard and is wearing a blue and orange outfit. Background shows a village with greenery and buildings. Visible text includes ""SHUEN JUMP NARUTO"" and ""RISE OF A"
dataset/fighting/super-street-fighter-ii-turbo-hd-remix.png,"Digital art cover of ""Street Fighter II HD Remix."" Features Ryu, left, in a white gi with a red headband, and a muscular, red-haired opponent, right, with glowing fists. Blue sky, green grass background. Lightning effects, intense expressions. Ryu's blue energy contrasts with opponent's red glow. ""Street Fighter II HD Remix"" text in bold, colorful logo"
dataset/fighting/virtua-fighter-4.png,"Digital art cover for ""Virtua Fighter 4."" Central figure: muscular male fighter in white gi, black belt, and headband, striking a powerful stance. Background: diverse fighters in various martial arts attire, some with weapons. Colors: white, black, red, blue. Text: ""Virtua Fighter 4"" in bold, metallic letters. Environment: fiery"
dataset/fighting/shaq-fu-a-legend-reborn.png,"Digital game cover for ""Shadows of the Damned: Legend Reborn."" Features a muscular, bald, brown-skinned man with yellow bandages on his hands and blue camouflage pants, wearing a white tank top. He is in a dynamic fighting pose, with a fierce expression. Background shows dark, misty, urban ruins with shadowy, ghostly figures. Bright red and"
dataset/fighting/sifu-digital-deluxe-edition.png,"Digital cover art for ""Deluxe Edition"" of the game ""SiFU"". Features a stern, gray-bearded, long-haired male character with a topknot, wearing a black, armored shirt and red sash. Red brushstroke text overlays his chest. Background is a dimly lit, beige, industrial setting with faint red candle-like objects. Character's expression is intense,"
dataset/fighting/brutal-paws-of-fury.png,"This digital art cover for ""Bratal: Paws of Fury"" features anthropomorphic animals in a fantasy setting. Characters include a fierce lion warrior with a red cloth, a determined brown bear, a muscular rabbit with red headband, and a focused cheetah. The background shows misty mountains and a medieval castle. The title ""Bratal: Paws of Fury"" is"
dataset/fighting/stab-stab-stab.png,"Digital drawing of a colorful, chaotic game cover. Six whimsical, cartoonish alien-like creatures with varying pink, green, blue, and purple hues and long limbs lie tangled on a dark, textured forest floor. Background features shadowy, twisted tree shapes. Bold, colorful text ""STABI STABI"" in pink, blue, and purple splatters dominates the top. Creatures have"
dataset/fighting/brawlhalla.png,"Digital game cover art for ""Brawlhalla"" featuring two anime-style characters in combat. The left character, a golden armored warrior with a blue face and a spear, faces a red-clad female fighter with blue face paint, black hair in a ponytail, and a red headband. The background is a gradient of blue and gray with light rays. The title ""B"
dataset/fighting/tekken-revolution.png,"Digital art cover for ""Tekken Revolution."" Features six characters in dynamic poses: blonde woman, blonde man with spiked hair, brown-haired woman, muscular man with helmet, leopard, and masked figure. Vibrant colors, mostly blue and red, with intense lighting effects. Characters wear various combat outfits. Visible text: ""TEKKEN REVOLUTION"" in bold, metallic gold and black"
dataset/fighting/cadash.png,"This is a colorful, fantasy-themed video game cover illustration in a comic book style. The central figure is a muscular, dark-skinned man with red hair and glowing eyes, wearing tattered blue and brown clothing, standing with a fiery halo around his head. To his left, a fair-skinned woman in a white dress with blue trim and a blue cape stands confidently. To his"
dataset/fighting/pokemon-rumble-u.png,"Colorful Pokémon Rumble game cover featuring Pikachu, Raichu, and other Pokémon like Totodile and Eevee in a vibrant outdoor setting with mountains and trees. Pikachu and Raichu are prominently in the foreground, with Totodile and others in the background. Text reads ""Pokémon Rumble"" in bold, multicolored letters with a blue ""U"""
dataset/fighting/street-fighter-alpha-2.png,"Digital artwork of two anime-style characters in a close, intense confrontation. The left character has short brown hair, a headband, and wears a white and blue sleeveless top. The right character has red mohawk, dark skin, and a fierce expression, wearing a blue jacket. Background is a vivid blue with a shadowy eye. Text reads ""Street Fighter 2"" in"
dataset/fighting/ok-k-dot-o-lets-play-heroes.png,"Vibrant, cartoon-style video game cover featuring ""DK: Let's Play Heroes."" Central character is a brown-haired, red-headband-wearing, blue-shirted hero with large eyes. Surrounding him are colorful, exaggerated characters: a muscular brown bear, a blue, inflatable-like creature, a red-capped, yellow-haired character, a green monster, and a cack"
dataset/fighting/soulcalibur-broken-destiny.png,"Digital game cover for ""Soulsbourne: Broken Destiny."" Features three characters: a muscular, shirtless man with dark hair wielding a flaming sword, a white-haired woman in golden armor, and a bald, red-masked man with a scar. Background shows lightning and a dark, stormy sky. Text reads ""Soulsbourne"" in bold, blue, and ""Broken Destiny"
dataset/fighting/mortal-kombat--2.png,"Digital cover art for ""Mortal Kombat."" Features a bold, black silhouette of a dragon's head with a long snout and flowing mane, centered within a bright orange circle. The words ""MORTAL KOMBAT"" are prominently displayed in large, gradient yellow-to-red, bold letters above and below the dragon. The background is a gradient from deep red to black."
dataset/fighting/darkstalkers-the-night-warriors.png,"Digital anime-style cover for ""Darkstalkers: The Night Warriors."" Features vibrant colors: purple, green, red, and yellow. Central green-eyed character with short green hair, partially obscured. Above, a golden bat emblem with ""Darkstalkers"" in red, fiery text. Surrounding characters include a purple-haired woman with horns, a blue-haired warrior, and a red-cl"
dataset/fighting/the-outcast-mobile.png,"Anime-style digital cover featuring a serious young woman with long black hair and large, expressive eyes, looking over her shoulder. She wears a grey hoodie. The background is a vibrant orange with white and red Japanese characters. The image has a dynamic, energetic feel. The style is reminiscent of Japanese anime art, with bold lines and bright colors. The woman's expression is intense, and her"
dataset/fighting/kirby-battle-royale.png,"Digital game cover for ""Kirby Battle Royale"" featuring Kirby, a pink, round character with a sword, and other colorful characters like King Dedede with a hammer, Meta Knight in blue armor, and Waddle Dee with a hat. Background shows a vibrant, tiled arena with confetti and a fountain. Bright, cartoonish style with bold outlines and vivid colors. Visible text:"
dataset/fighting/fighters-uncaged.png,"Photorealistic movie-style cover for ""Fighters Unleashed."" Foreground features a close-up of a rugged, intense male fighter's face with a red, blood-stained headband, and bandaged hands. Background shows three other fighters in shadow. Text ""FIGHTERS UNLEASHED"" in bold, distressed white letters overlays the image. Dark, gritty color palette"
dataset/fighting/mirrors-edge-catalyst.png,"CGI cover for ""Marvel's Spider-Verse"" featuring a fierce Asian woman with black hair, wearing a black sleeveless top, white pants, red gloves, and red boots, crouching in a dynamic pose. She has a tattooed arm and a determined expression. The background shows a futuristic cityscape with tall buildings and a bright blue sky. A red diagonal stripe with"
dataset/fighting/super-catboy.png,"Digital cover art of ""Super Catboy"" video game. Features a cartoonish gray cat with a red scarf and determined expression, driving a high-tech, retro-styled car with blue wheels and a brown body. The cat is accompanied by a blonde, wide-eyed human girl with a red shirt, wearing goggles. The background is a yellow, textured pattern. The game title ""Super"
dataset/fighting/guilty-gear.png,"Colorful digital drawing of ""Guilty Gear"" game cover. Features nine anime-style characters with exaggerated expressions and dynamic poses. Characters include blonde-haired male in front, muscular white-haired male with spiky hair behind, and various other fighters with distinct hairstyles and clothing. Background is dark red with intense lighting. Characters wear various outfits, including red and blue clothing, and some hold weapons like"
dataset/fighting/digimon-rumble-arena.png,"Digital cover of Digimon: Rumble Arena featuring blue, shark-like Digimon Renamon with red eyes and yellow V-shaped mark, and red, dragon-like Digimon Guilmon with black stripes. Renamon is mid-punch, emitting a bright yellow energy blast. Guilmon's head is thrown back, receiving the impact. Background shows a blue, cloudy sky with stone ruins."
dataset/fighting/battle-city.png,"Colorful, cartoon-style video game cover featuring a blue tank with a soldier in green helmet and blue uniform, firing at a red tank with a soldier. Background includes bright orange explosions, green trees, and a blue sky with clouds. Japanese text in black on the upper left, bold red and yellow ""Battle City"" logo at the top. Vibrant colors, dynamic action, and"
dataset/fighting/retimed.png,"Digital cartoon-style cover for a video game titled ""RETIMED"". Features three chibi characters: a pink one falling from a wooden structure, a white one with orange goggles and orange suit flying with a blue device, and a pinkish character with a green hat and pink suit sitting on the structure. Background has pastel-colored clouds and abstract shapes. Visible text is ""RETIM"
dataset/fighting/fatal-fury-2.png,"This digital artwork for ""Fatal Fury 2"" features a muscular, diverse cast of characters in a dramatic, stormy sky backdrop with red-orange lightning. The front row includes three muscular men with distinct hairstyles: a blonde with a white tank top, a man in a red and white striped jacket and white tank top with a ""NEO-Geo"" cap, and a man with"
dataset/fighting/pokemon-unite.png,"Pokémon UNITE cover art: Digital illustration featuring Pikachu, Charizard, and Braixen. Pikachu is yellow with red cheeks, Charizard is orange with a blue tail, and Braixen is white with orange and yellow accents. Background is purple with white polka dots. Text reads ""Pokémon UNITE"" in bold, colorful letters. Pokéball icons flank the"
dataset/fighting/yatagarasu-attack-on-cataclysm--1.png,"Digital anime-style cover for ""Attack on Catalyst"" featuring four characters in vertical panels. Characters include a grey-haired male with a mask, a blue-haired female with a purple scarf, a red-haired female, and a green-skinned female. Each panel has a distinct color palette: beige, purple, pink, and green. The characters have intense expressions. The title ""Attack on Catalyst"
dataset/fighting/boss-rush-mythology.png,"Digital game cover: A knight with a glowing sword faces a floating, armored figure with glowing blue energy in a rainy, blue-toned sky. The knight stands at the bottom right, holding a sword upward. The floating figure hovers above, with arms outstretched. Large, bold text at the bottom reads ""BOSS RUSH"" in metallic, 3D style."
dataset/fighting/ninja-baseball-bat-man.png,"Colorful video game cover for ""Bat Mania!"" featuring four anthropomorphic baseball players in vibrant uniforms: red, blue, green, and orange. They stand in a dynamic, action-packed stadium with a cheering crowd. Visible text includes ""Bat Mania!"" in bold yellow letters, ""GETTING BURNING"" in red, and ""PS1"" logo. The background has"
dataset/fighting/mother-russia-bleeds.png,"Digital cover art in a bold, retro style. Red background with distressed black text ""MOTHER RUSSIA BLOWUP"" in uppercase letters. Yellow hammer and sickle symbol with a star on each side is positioned above the text. The design has a gritty texture, with rough edges and splatters. Bright yellow and red colors dominate, evoking a sense of urgency and intensity"
dataset/fighting/10-second-ninja-x.png,"Digital cover art for ""10 Second Ninja X"" featuring a silhouette of a ninja with a purple hood and scarf, standing on a grassy hill. The background is a gradient of red and pink with abstract, shadowy figures. Bold, metallic ""10 SECOND NINJA X"" text is at the top. The ninja's eyes are visible, and the grass is turquoise. The"
dataset/fighting/dmg-deals-damage.png,"Retro-style video game cover with a vibrant, grid-patterned background in shades of pink and purple. Central image features a gray, classic Game Boy with ""11"" displayed on its screen, flanked by an orange, cartoonish bomb with a timer and a white-gloved hand detonating it. Yellow text at the top reads ""DMG DEALS DAMAGE."" Bottom text"
dataset/fighting/the-king-of-fighters-97.png,"Anime-style video game cover for ""The King of Fighters '97."" Features five characters: a tall, red-haired man in black and white attire, a black-haired man in black, a blonde woman in a red top and purple pants, a man in blue overalls, and a small, masked child. Background shows a gritty urban alley with yellow brick buildings, fire escapes, and"
dataset/fighting/sinner-sacrifice-for-redemption.png,"Black and white cover art for the video game ""Finnir: Sacrifice for Redemption."" Features a dramatic, gothic style with a central figure in armor holding a sword, surrounded by a large, winged creature. The text ""FINNIR"" is in bold, jagged letters at the top, with ""SACRIFICE FOR REDEMPTION"" below."
dataset/fighting/super-double-dragon.png,"This is a vibrant, colorful video game cover for ""Super Double Dragon."" It features two muscular, anthropomorphic male characters in the foreground, holding guns. The character on the left wears a blue sleeveless outfit with red wristbands, while the character on the right wears a red armored outfit. Both have intense expressions. The background showcases a city skyline at sunset, with a large green"
dataset/fighting/ben-10-alien-force-vilgax-attacks.png,"Comic-style video game cover featuring a determined brown-haired man in a green jacket holding a glowing device. Background shows a starry space with planets. Text reads ""BEN 10 ALIEN FORCE"" in bold yellow and black. Bottom shows a blue alien with black markings and a red, robotic alien. Bright, vibrant colors dominate. The man's expression is serious, and the"
dataset/fighting/dragon-ball-z-infinite-world.png,"Digital cover art for ""Dragon Ball: Infinite World"" featuring vibrant anime-style characters. Central pink, bald, angry Saiyan with sharp teeth, surrounded by spiky-haired Goku and Vegeta in yellow and orange outfits, respectively. Also includes Majin Buu, Frieza, and other Dragon Ball characters in dynamic poses. Background shows a clear blue sky with white clouds. Bold"
dataset/fighting/terrorhythm.png,"Digital art of a stylized, masked character with white hair, red mask, and gray gloves, crouching in a dynamic pose. The character wears a black jacket, blue pants, and red sneakers. Background features red geometric patterns. Visible text: ""TERA ORCHYM MUSIC POWERED BEAT EM UP GAME"" with Japanese characters and ""Rhythm Game"" in small"
dataset/fighting/wrestling-empire.png,"CGI-style video game cover of a wrestling ring with ""HUSTLE"" and ""EMPIRE"" in bold, colorful letters on the side ropes. The ring has a blue mat, black posts, yellow and red corner ropes. Background shows a blurred crowd in a stadium. Bright, vibrant colors dominate, with a focus on the ring's detailed textures and realistic shading."
dataset/fighting/naruto-shippuden-ultimate-ninja-storm-revolution.png,"This is a digital cover for the video game ""Naruto: Ultimate Ninja Storm."" It features a vibrant, chaotic composition of Naruto and other ""Naruto"" series characters in dynamic poses. Central character Naruto, with orange whorl-shaped flames and a determined expression, is surrounded by other characters, including Kakashi, Sasuke, and others, each displaying unique abilities like"
dataset/fighting/digimon-all-star-rumble.png,"Digital game cover for ""Digimon All-Star Rumble"" featuring vibrant, dynamic CGI-style artwork. Central characters: red, cat-like Digimon with green eyes and white accents, and yellow, dinosaur-like Digimon with open mouth. Surrounding them are various Digimon, including blue, white, and purple creatures with different features. Background has a blue, radial burst pattern. Text"
dataset/fighting/yie-ar-kung-fu.png,"Colorful video game cover illustration featuring a muscular, dark-haired man in a white tank top and blue pants, kicking a drum with his right foot. He's surrounded by three cartoonish, angry characters in red and purple, trying to attack him. Bright red and yellow text reads ""Yie Ar Kung-Fu: The Arcade Smash Comes Home!"" in bold, dynamic font."
dataset/fighting/dark-messiah-of-might-and-magic.png,"Digital cover art for ""Dark Messiah: Might and Magic"" features a muscular, green-skinned orc-like warrior with pointed ears, wearing dark, metallic armor and a helmet. He has a fierce expression and holds a flaming sword. The background is smoky and gray. The game title, ""Dark Messiah,"" is prominently displayed in large, gothic-style white letters with ""Might"
dataset/fighting/soulfire.png,"Digital game cover for ""SoulFire"" featuring three muscular, armored warriors with intense expressions. The central character, with brown hair and blue armor, extends a glowing, skull-adorned fist forward. Background shows two other warriors, one in red and one in green, with dynamic poses. The pink-purple gradient sky contrasts with dark foreground. ""SoulFire"" text in bold"
dataset/fighting/battle-of-hunters-beast-zone.png,"Digital cover art for ""Battle Of Hunters: Beast Zone."" A muscular, armored hunter with a black helmet and shoulder pauldrons kneels in grassy terrain, facing a distant, mountainous landscape with a black splatter effect. The title text is bold, with ""Battle Of Hunters"" in white and ""Beast Zone"" in red. The sky is overcast, and"
dataset/fighting/hammerfight.png,"Game cover for ""The History of Hammerfight"" in a dark, steampunk style. Features a close-up of a mechanical, black and gold contraption with gears and a circular light. Text in yellow and orange reads ""THE HISTORY OF HAMMERFIGHT"" with ""5"" above. Background is dark and blurred. The machine's texture is metallic, with intricate"
dataset/fighting/deadliest-warrior-ancient-combat.png,"This video game cover for ""Deadliest Warrior: Ancient Combat"" features six muscular, fantasy warriors in medieval armor. Top left: bald, shirtless man with tattooed chest. Center: blond man with gold armor and helmet. Top right: masked ninja with sword. Bottom left: armored robot. Bottom center: bearded man with long hair and green tunic. Bottom right:"
dataset/fighting/nosgoth.png,"Digital cover art for ""No Man's Sky"" featuring two armored, futuristic characters with detailed, intricate helmets and suits. The left character has a black, tribal-patterned suit, while the right character wears a brown, ornate suit. The background is a gradient from dark teal to fiery orange, with the game's title ""No Man's Sky"" in stylized, metallic letters"
dataset/fighting/retro-classix-night-slashers.png,"Pixel art game cover for ""Night Slasher Retro Classic."" Features three characters: a tall, muscular man in orange and yellow armor with a hood, a smaller blue-haired figure in orange, and a blonde woman in red. They stand on a rooftop overlooking a vibrant, neon-lit cityscape at night. The title ""Night Slasher"" is bold, with a red slash through"
dataset/fighting/konjiki-no-gash-bell-yujo-no-tag-battle-full-power.png,"Anime-style video game cover for ""Fire Emblem: Genealogy of the Holy War"" on Nintendo GameCube. Features a diverse group of characters in dynamic poses: a blonde girl with a red bow in the foreground, a red-haired girl, a bespectacled boy, a top-hatted man, and others. Bright colors, detailed costumes, and expressive faces. Japanese and English"
dataset/fighting/one-strike.png,"Digital cover art for ""One Strike"" video game. Features a grayscale silhouette of a person with a topknot, standing against a cloudy sky and grassy field. Bright, fiery red and yellow text ""ONE STRIKE"" with dynamic, flame-like strokes overlays the left. The person is in the background, slightly to the right. The overall style is dramatic and intense, with"
dataset/fighting/dragon-ball-z-budokai-3.png,"Digital anime-style cover of ""Dragon Ball Z: Budokai 3."" Features a close-up of Goku's intense, focused face with spiky orange hair, and a large, clenched fist pointing forward. Background is black. Bright, bold colors: yellow, red, white. Text in yellow, red, and white reads ""DRAGON BALL Z BUDDOKAI"
dataset/fighting/ready-2-rumble-boxing-round-2.png,"Video game cover for ""Ready 2 Rumble Boxing Round 2"" in a colorful, cartoonish style. Features two boxing opponents: a heavyset white man with red gloves and a yellow smiley face, and a muscular black man with black gloves and a black headband. Background is a blurred boxing ring. Text includes ""Ready 2 Rumble Boxing"" in bold yellow"
dataset/fighting/buck-up-and-drive.png,"Digital comic-style video game cover featuring a red sports car crashing into a blue truck on a road. The car is in motion, with yellow sparks and debris flying. The background shows a clear blue sky with clouds. Bold, colorful text at the top reads ""PUCK UP AND DRIVE!"" in a dynamic, aggressive font. The image has a vibrant, energetic color palette with primary colors"
dataset/fighting/dragon-ball-z-budokai.png,"Digital anime-style cover for ""Dragon Ball Z: Budokai."" Features four muscular, fierce-looking characters with spiky hair in dynamic poses. The foreground character points forward with a determined expression. Background is red with bright highlights. Characters wear traditional martial arts outfits. Bold yellow and red ""Dragon Ball Z"" text is centered. Lower text in Japanese. Vibrant colors, intense expressions"
dataset/fighting/boom-slingers.png,"Digital game cover in a cartoon style featuring two brown, horse-like characters with expressive faces. They are inside a blue, skull-emblazoned launcher firing white and orange projectiles. The background is a gradient purple. Below, a white triangle with a skull and ""BOOM SLINGERS"" text on a banner. The overall style is playful and dynamic."
dataset/fighting/the-falconeer-warrior-edition.png,"Digital art cover of ""The Falconeer: Warrior Edition."" Features a large, golden-brown falcon with glowing blue lightning on its wing, flying above a medieval cityscape. A rider, clad in armor with a helmet, rides the falcon. The background is a vibrant sunset with orange and yellow hues. Visible text includes ""THE FALCONER"" in bold black letters"
dataset/fighting/gang-beasts.png,"Digital cover art for ""Candy Beasts"" game. Features four colorful, cartoonish beast toys: red, blue, green, and yellow, standing on a white truck with a grey cab and metal grille. Background includes a pastel gradient sky, green hills, and a red building. Pink, graffiti-style text ""Candy Beasts"" is prominently displayed at the top."
dataset/fighting/enter-the-matrix.png,"This movie-style video game cover features a green-tinted, shadowy silhouette of a man with sunglasses, partially obscured by vertical green and black streaks. The text ""ENTER THE MATRIX"" is prominently displayed in white, uppercase letters at the bottom. The character's face is stern and intense, with the background creating a sense of depth and mystery. The overall color scheme is dominated"
dataset/fighting/star-wars-masters-of-teras-kasi.png,"Star Wars: Masters of Teras Kasi video game cover: features Han Solo with a green lightsaber in the foreground, and a female warrior with a blaster in the background. Dark, sci-fi setting with glowing lights. Text reads ""Star Wars: Masters of Teras Kasi"" in metallic, futuristic font. Characters have realistic, detailed textures. Colors include black, green"
dataset/fighting/pokemon-stadium-2.png,"Pokémon Stadium 2 cover art: vibrant, featuring Latias, Ho-Oh, and Lugia. Bold, colorful text reads ""Pokémon Stadium 2"" with ""Pokémon"" in yellow and ""Stadium 2"" in red. Background has a gradient of beige to blue. Characters are dynamic, with wings and colorful feathers. Style is digital, with a glossy"
dataset/fighting/rag-doll-kung-fu.png,"Digital cover art for ""Rag Doll Kung Fu"" featuring a dynamic, mid-action illustration of a shirtless, elderly Asian man with white hair, black pants, and black shoes, performing a kung fu move. He wears a yellow bead necklace. The background has a bold red radial burst behind large silver text ""RAG DOLL KUNG FU"" and white Chinese characters"
dataset/fighting/twisted-metal-2.png,"Digital cover art for ""Twisted Metal 2"" featuring a muscular, shirtless man with blue pants standing on a large, burning tire. A flaming, grinning skull hovers above. In the background, a burning cityscape with a crashed, flaming helicopter and a blue go-kart. Bright, fiery colors dominate with intense orange and yellow hues. The title ""Twisted"
dataset/fighting/warriors-orochi-2.png,"Digital game cover for ""Warriors Orochi 2"" featuring a dark, armored, dragon-like warrior with glowing blue horns and scales, standing in a fiery, volcanic landscape. The warrior holds a large, curved scythe. The background includes a dramatic, stormy sky with lightning. The title ""Warriors Orochi 2"" is prominently displayed in bold, gold and white"
dataset/fighting/dragon-ball-z-supersonic-warriors-2.png,"Digital cover art for ""Dragon Ball Z: Super Sonic Warriors 2."" Features two prominent characters with spiky hair, one blonde and one green, facing each other. Background includes smaller, fierce-looking characters with intense expressions. Central character stands out in a glowing aura. Bold, colorful text reads ""DRAGON BALL Z"" in yellow and red, with ""Super Sonic Warriors 2"
dataset/fighting/drunkn-bar-fight.png,"Neon-style digital cover with a blue background. Features glowing white and red text ""DRUNKIN BAR"" and ""FIGHT"" in a rectangular frame. A yellow, outlined beer mug with foam spills to the right. Bright, vibrant colors and a retro, arcade aesthetic. The text and mug are neon-lit, creating a vivid, eye-catching effect."
dataset/fighting/wwf-king-of-the-ring.png,"Nintendo Entertainment System (NES) game cover for ""King of the Ring"" featuring a sweaty, muscular man with dark hair in a black tank top with red trim and wing emblem. Background is dark with yellow-bordered inset images of wrestling matches. Visible text includes ""W King of the Ring"" in bold red letters, ""Nintendo Entertainment System"" at the top, and ""Rated E for"
dataset/fighting/wanba-warriors.png,"Digital cover art for ""Wana Warriors"" featuring a gray background with Japanese characters in a white square at the top. Text ""Wana Warriors"" is centered below the characters. Bottom left: yellow and brown spear with orange handle. Bottom right: silver shield with orange handle. Simple, cartoon-like style with muted colors. Objects are slightly blurred, creating a foggy effect. Overall"
dataset/fighting/x-men-vs-street-fighter.png,"This is a colorful, digitally-drawn video game cover in a comic style. It features a crowded group of diverse, muscular superheroes and fighters, including a black-masked character with orange and blue costume, and a blonde woman in a blue outfit. The background is filled with other characters, some with exaggerated expressions. The visible text reads ""X-Men vs Street Fighter"" in bold,"
dataset/fighting/night-warriors-darkstalkers-revenge.png,"Vibrant video game cover in a stylized, comic-book art style. Features a muscular, golden-armored warrior with blue skin and glowing eyes in the center. Two blue-skinned characters with red masks are partially visible in the foreground. Background includes abstract, fiery orange and purple hues. Text reads ""NIGHT WARRIORS"" in bold, yellow letters with a red"
dataset/fighting/gas-guzzlers-extreme.png,"Racing video game cover: ""GAS GUZZLERS EXTERME."" Features a close-up of a black car with a burning engine, smoke, and flames. The background shows a rocky, desert-like terrain. The title is bold, metallic, and textured with ""EXTERME"" in fiery orange. The car has a racing stripe, a circular logo, and a"
dataset/fighting/dead-or-alive-6.png,"CGI cover of ""Dead or Alive 6"" featuring a close-up of a young woman with red hair, freckled face, and intense brown eyes. She wears a blue, textured, high-collared garment. Her expression is determined. The background is dark and smoky. The text ""DEAD OR ALIVE 6"" is in bold, metallic orange letters"
dataset/fighting/street-fighter-x-tekken.png,"Digital art cover of ""Street Fighter X Tekken"" featuring four fighters in intense combat. Characters include Ryu (top right, topless, with black hair and muscular build), Chun-Li (top left, blue outfit, determined expression), Ken Masters (bottom left, white shirt, red headband, muscular), and Cammy White (bottom right, purple outfit, blonde hair)."
dataset/fighting/gurgamoth.png,"Digital cover art for a video game titled ""GURGAMOTH."" The background features a dark, purple-hued sky with a large, glowing pink moon and smaller pink celestial bodies. The word ""GURGAMOTH"" is prominently displayed in bold, teal letters with a black outline and dripping red accents. The text appears to be emerging from a black, bucket-like object"
dataset/fighting/the-legend-of-fjarri.png,"Digital cover art for ""The Legend of Fjari"" featuring a minimalist, stylized white fox with a sleek, black outline, sitting in profile against a textured red circle background. The fox's eyes are closed, and it has pointed ears. The red circle has a watercolor-like texture. The text ""THE LEGEND OF FIARI"" is in bold, black, uppercase"
dataset/fighting/naruto-clash-of-ninja-2.png,"Naruto: Clash of Ninja 2 cover art in anime style. Features Naruto (blonde, blue eyes, orange outfit, headband) in the foreground, holding a kunai, with a determined expression. Behind him, Sasuke (red hair, brown eyes, brown outfit) looks serious. Background includes a tan wall with faint sketches. Text reads ""SHONEN"
dataset/fighting/pokemon-rumble-u.png,"Pokémon Rumble game cover in vibrant digital anime style. Features Pikachu (yellow, large ears) and Vulpix (yellow, orange spikes) in the foreground. Background includes various Pokémon (Squirtle, Eevee, Mewtwo, etc.) against a mountainous landscape with green trees. Text reads ""Pokémon Rumble"" in colorful, bold letters."
dataset/fighting/the-way-of-the-exploding-fist.png,"Vintage 4.8GB Spectrum game cover illustration: angry Asian man with black hair, open mouth, pointing forward with orange sign in Chinese characters. Background: blue sky, distant ship, yellow sand. Text: ""BEAT THIS! A story of the exploitation of a Korean war veteran"" in bold, jagged font. Spectrum logo, MoiDoudi logo"
dataset/fighting/re-zero-the-forbidden-book-and-the-mysterious-spirit.png,"Anime-style video game cover featuring three characters: a purple-haired girl in a green hat and outfit, a silver-haired girl in a white dress, and a black-haired boy with an angry expression. The background shows a bookshelf filled with books. Text in Japanese is prominently displayed at the bottom, with additional smaller text and logos. The characters are colorful and detailed, with the purple-haired"
dataset/fighting/prince-of-persia--2.png,"This is a colorful, vintage-style cover illustration for the video game ""Prince of Persia."" It features a muscular, bearded man in a red robe and purple hat menacingly reaching towards a dark-haired woman in a green, leafy bra top. A smaller figure with a crescent-shaped sword stands in the background. The scene is set against a night sky with a full moon"
dataset/fighting/yatagarasu-attack-on-cataclysm--1.png,"Digital anime-style cover for ""Attack on Catalyst"" featuring four characters in vertical panels. Characters include a grey-haired man with a mask, a blue-haired person with a purple scarf, a red-haired girl, and a green-skinned girl with black hair. Each panel has a distinct color background: yellow, purple, red, and green. The characters have intense expressions. The title """
dataset/fighting/rusty-spout-rescue-adventure.png,"Vibrant video game cover art for ""Rusty's Rescue Adventure."" Features colorful, cartoon-style characters: a green-haired zombie girl with a skull necklace, a white-feathered bird in a red outfit, a muscular orange tiger, and a white, red-eyed robot. Bold, multicolored text reads ""Rusty's Rescue Adventure"" at the top. Background includes a"
dataset/fighting/kung-fu-strike-the-warriors-rise.png,"Digital cover art for ""King of Fighters: The Warriors' Rise"" PC DVD. Features a muscular, shirtless male warrior with dark hair and brown pants, mid-action pose with a clenched fist. Background has a larger, shadowy version of the same warrior. Bold, red and orange ""King of Fighters"" logo in the center. ""PC DVD"" in top left,"
dataset/fighting/bio-f-r-e-a-k-s.png,"Video game cover for ""Bio Breaks"" featuring a muscular, gray-skinned, male alien with a metallic helmet, red eye patch, and exposed chest with nipple tubes. He has a fierce expression and large, sharp teeth. The background is dark with green and red glowing text ""Bio Breaks"" in a bold, metallic style. The alien's skin has a shiny texture,"
dataset/fighting/fuzzball--1.png,"Colorful, cartoon-style video game cover featuring ""Fuzzle Ball"" text in large, bold letters with a yellow, smiling character. Characters include a gray cat, blue bird, white bunny, purple bunny, and more. Background has blue sky, white clouds, balloons, and green grass. Objects include a box with eyes and a sad green cube. Bright, playful colors and textures"
dataset/fighting/super-street-fighter-ii-turbo-revival.png,"This is a colorful, comic-style video game cover for ""Street Fighter II: Turbo Revival."" It features six distinct characters in vertical panels: a green-clad woman with a red headband, a red-capped military man, a dark-skinned man with a mustache, a masked wrestler, a blonde man in a red jacket, and a blue-clad woman with a"
dataset/fighting/river-city-ransom.png,"Vintage Nintendo cover art for ""River City Ransom"" features two muscular men in white t-shirts running through a bustling urban street at sunset. The foreground man, with short dark hair and determined expression, leads. Background includes pedestrians, storefronts, and a ""New Game"" sign. Bright, warm colors dominate. Text includes ""River City Ransom"" in bold, yellow and blue"
dataset/fighting/boss-rush-mythology.png,"Digital game cover in a blue-toned, rainy environment. A knight with glowing blue energy in both hands hovers above another armored knight holding a sword. The hovering knight wears a detailed, armored outfit with a short cape. The lower knight faces upward, sword raised. Bold, metallic ""BOSS RUSH"" text spans the bottom. The style is realistic with a fantasy theme,"
dataset/fighting/bonanza-bros.png,"Video game cover for ""Bonanza Bros."" in a cartoon style. Features two male characters: one in a red shirt, black cap, and black pants, holding a megaphone; the other in a blue shirt, black cap, sunglasses, and black pants, also holding a megaphone. Background shows a brick wall with a fire hydrant and a sign. Text reads"
dataset/fighting/security-breach-furys-rage.png,"Digital art cover of ""Security Breach: Furry's Stage"" in a vibrant, cartoon style. Features four anthropomorphic characters: a muscular orange bear with a blue lightning bolt on his chest, a green alligator with a red mohawk, a white-haired purple fox, and a green and purple wolf with green hair. They stand in a dynamic pose against a radiant purple star"
dataset/fighting/wwe-wrestlemania-xix.png,"Photograph of a Nintendo GameCube cover featuring wrestling game ""WrestleMania XXX."" Three muscular wrestlers in the foreground: center wrestler in white tank top with red and blue accents, arms raised; left wrestler in black sleeveless vest with ""Macho Man"" text; right wrestler in black trunks. Background shows a golden, radiant light. Text includes ""WRESTLE"
dataset/fighting/eight-dragons.png,"Digital cover art for ""Eight Dragons"" featuring six diverse, muscular fighters in dynamic fighting stances. The background is a vibrant, multicolored gradient with a large, colorful dragon illustration. The title ""EIGHT DRAGONS"" is bold, with ""EIGHT"" in a gradient of pink to blue and ""DRAGONS"" in white. Characters include a blonde man"
dataset/fighting/karateka.png,"This video game cover features a stylized, vintage art illustration with a circular background. The title ""Karateka"" is prominently displayed in bold, red, uppercase letters at the top. The central figure is an elderly Asian man in a traditional black karate uniform with a white hat and intricate patterns, his stern face in profile. Below him, a young blonde man in a white"
dataset/fighting/virtua-fighter-5.png,"Photorealistic video game cover for ""Mortal Kombat 5."" Dominated by a close-up of a serious, dark-haired male fighter with a white headband. Background shows a dynamic martial arts battle with multiple fighters in colorful, traditional attire. Centered text reads ""Mortal Kombat 5"" in gold and yellow. Foreground features two fighters mid-action: one"
dataset/fighting/ninja-baseball-bat-man.png,"Vibrant, cartoon-style video game cover for ""Bat Mania!"" featuring four anthropomorphic baseball players in colorful uniforms. Characters include a red-clad player with a bat, a blue-clad player, an orange-clad player, and a green-clad player. Background shows a crowded stadium with cheering fans. Visible text includes ""Bat Mania!"" and ""GET BURN"
dataset/fighting/legend-of-the-guardians-the-owls-of-ga-hoole.png,"The cover features a detailed, digital illustration of a majestic, golden-brown owl with large wings spread wide, resembling a guardian. The owl has a fierce expression, with intense eyes and a helmet-like pattern on its head. Its talons are glowing red. The background is a twilight sky with a full moon, surrounded by flying owls. The title ""Legend of the Guardians:"
dataset/fighting/rocky-legends.png,"Rocky Legends cover: sepia-toned, digital illustration of a young, curly-haired man with intense expression, wearing a shirt, holding boxing gloves. Background features a shadowy, circular object. Text ""ROCKY LEGENDS"" in bold, black letters at top. Man's face is illuminated, creating dramatic shadows. Earthy colors dominate, with brown and orange tones"
dataset/fighting/touhou-hyouibana-antinomy-of-common-flowers.png,"Digital cover art for ""15th Anniversary Flower"" featuring vibrant, abstract patterns in purple, orange, and blue. Japanese text overlays the center, surrounded by swirling floral designs and circular motifs. A white crane silhouette is prominent in the background. The title and anniversary date are centered, with ""Flower"" highlighted in purple. The style is colorful and ornate, blending traditional Japanese motifs"
dataset/fighting/megabyte-punch.png,"Digital game cover for ""Gears of Punch"" featuring two colorful, cartoon-style robotic characters in combat. The green robot on the left has red accents, while the purple and yellow robot on the right has exaggerated bunny ears. Background includes blue, abstract, geometric shapes and a grassy foreground. Bold, orange and yellow logo at the top. Vibrant, comic-book style with bold"
dataset/fighting/art-of-fighting.png,"Video game cover for ""Fighting Force"" featuring three muscular male fighters in dynamic combat poses. Characters wear distinctive outfits: blue jeans and sleeveless shirt (left), white pants and black top (center), and orange martial arts uniform (right). Background includes a large, intense blue and purple spectral figure and two shadowy, menacing figures. The game title ""Fighting Force"" is"
dataset/fighting/super-street-fighter-ii-turbo.png,"The video game cover features a dark, shadowy figure in the background with a muscular build and fierce expression, partially obscured by darkness. The foreground displays vibrant, neon-colored text reading ""Street Fighter Turbo"" in bold, stylized letters with a gradient from yellow to pink to blue. The background is entirely black, making the colorful text and the shadowy figure stand out. The image"
dataset/fighting/shadow-fight-arena-pvp-fighting-game.png,"This is a digital game cover for ""Shadow Fight Arena."" The design features bold, golden text ""SHADOW FIGHT"" with a checkmark, and ""ARENA"" below in white. The text is set against a red, diamond-shaped background with black edges, resembling a logo. The overall style is sleek and modern, with a dark black background that contrasts with the gold and"
dataset/fighting/teenage-mutant-ninja-turtles-shredders-revenge.png,"CGI video game cover featuring four Teenage Mutant Ninja Turtles (Leonardo, Michelangelo, Donatello, and Raphael) in a dynamic, action-ready pose. Each turtle wields a sword, with vibrant green shells and distinct headbands (blue, red, purple, and orange). Background shows a large, menacing eye. Text reads ""TEENAGE MUTANT"
dataset/fighting/fraymakers.png,"Pixel art-style video game cover featuring three cartoon bird characters. Top blue bird with black beak, middle yellow bird in purple jacket, bottom white bird with blue head. Red background with ""FRAYMAKERS"" in bold, comic-style text. Yellow explosion effect surrounds logo. Characters have exaggerated, expressive faces. Bright, contrasting colors. Objects include blue and pink clothing pieces."
dataset/fighting/dark-messiah-of-might-and-magic-elements.png,"Digital game cover for ""Dark Messiah: Might and Magic Elementals."" Features a stern, muscular male warrior with dark hair, wearing metal armor, holding a staff with a glowing red orb. A demonic creature with horns looms in the fiery orange background. Text reads ""Dark Messiah Might and Magic Elementals"" in bold, gothic-style letters. Age rating 18+ is displayed"
dataset/fighting/the-whitetail-incident.png,"CGI cover art in a dark, forested night setting. A topless, muscular man with a tribal mask and necklace, wearing brown briefs, stands facing a hooded figure. Text in bold red reads ""THE WHITETAIL INCIDENT."" The background is dark blue with silhouetted trees. The image has a pixelated texture, reminiscent of retro video game"
dataset/fighting/fighting-force.png,"CGI cover for ""Fighting Force"" featuring four muscular characters with intense expressions. The background is a solid red. The characters include a bald, muscular man in a white shirt, a red-haired woman in a red outfit, a woman with black hair and red face paint, and a man with glasses and a gray shirt. Bold white and red text reads ""FIGHTING FORCE"
dataset/fighting/jojo-s-bizarre-adventure-all-star-battle.png,"This vibrant digital illustration features a muscular, brown-haired male character in a brown jacket with a green star, adjusting a hat. His shirt reveals a purple, starry background with smaller, shadowy figures. The background is a radiant yellow with starburst patterns. The text ""JoJo's Bizarre Adventure"" is prominently displayed in colorful, bold letters at the bottom. The character's"
dataset/fighting/wwe-all-stars.png,"Photorealistic video game cover for ""WWF All Stars."" Features muscular wrestlers in colorful attire (yellow, red, blue, and green) with exaggerated expressions. Visible text: ""WWF All Stars"" in bold yellow letters. Background: splashes of yellow, blue, and white. Characters include a bearded man in yellow with a headband, a muscular man in purple"
dataset/fighting/killer-instinct-gold.png,"Digital cover art for ""Killer Instinct Gold."" Features a muscular, blonde-haired man with a green sleeveless shirt and a red-haired woman in a tight, purple, high-collared outfit. Both stand back-to-back, with a shadowy, menacing figure behind them. Bright, vibrant colors dominate, with a focus on red, purple, and green. The game title"
dataset/fighting/viking-squad.png,"Digital game cover for ""Viking Spikes"" featuring four armored, horned warriors with red and green hair, wielding swords and shields. The background shows a blue, starry sky with a purple crescent moon. The characters are in dynamic, action-ready poses. The bold, yellow, comic-style text ""Viking Spikes"" is at the bottom. The art style is"
dataset/fighting/king-of-the-monsters.png,"Comic-style cover of ""King of the Monsters."" Features six colorful, muscular monsters: blue superhero-like figure, green dinosaur, yellow robot, red demon, orange ape, and white, green-spotted giant. Monsters stand behind a crumbling building with papers flying. Bold, brown ""King of the Monsters"" text at bottom. Bright, vibrant colors, dynamic action poses, and a sky"
dataset/fighting/mighty-morphin-power-rangers-fa4e8d30-d1cf-46cb-8c9c-e8dd087abaa8.png,"This is a digital illustration of the video game ""Mighty Morphin Power Rangers"" cover. It features five colorful Power Rangers in front of a black background. The Rangers, from left to right, wear yellow, blue, red, pink, and black helmets with green visors. Each has a diamond-patterned chest emblem. The text ""MIGHTY MORPHIN POWER"
dataset/fighting/the-showdown-effect.png,"This dynamic movie-style video game cover features intense action with a central male character, shirtless with blood on his chest, wielding a curved sword and firing a gun. He's surrounded by a blue and purple twilight sky, with silhouetted figures in mid-air combat. On the right, a distressed young woman with dark hair and a bandaged head peers forward. On the left"
dataset/fighting/sengoku-2.png,"Dynamic comic-style video game cover featuring muscular, action-packed characters with vibrant colors. Central figure is a red-clad, helmeted man with a wide grin, electric bolts around him. Surrounding characters include a blue-shirted woman, yellow-shirted man, and a blonde woman in blue. Visible text reads ""SENKO-ku"" in bold, orange letters. Background is intense"
dataset/fighting/blade-ballet.png,"Vibrant digital illustration of ""Blue Balliet"" video game cover. Features bright orange trees, blue skies, and a winding path. Includes a yellow drone with a camera, a futuristic car, and a small quadcopter. Text ""BLUE BALLIET"" in bold, white, 3D letters. Colors: orange, blue, yellow, and white. Style:"
dataset/fighting/godzilla-the-game--1.png,"Black-and-white digital illustration of Godzilla, a massive, textured, dark-skinned monster with an open mouth, roaring. Red Japanese text and ""GODZILLA"" in white are on the left. Background shows a damaged cityscape with debris and a small helicopter. The style is gritty and dramatic, emphasizing Godzilla's size and power. The cover has a rough, distressed texture."
dataset/fighting/wwf-no-mercy.png,"Photograph-style video game cover featuring a bald, muscular African American man with dark skin wearing sunglasses and a black sleeveless shirt. He holds a large, ornate wrestling championship belt in his right hand, positioned in front of his chest. A red wrestling ring rope is visible in the foreground. The background is black, emphasizing the subject. The ""WWE No Mercy"" logo,"
dataset/fighting/dragon-ball-devolution.png,"Pixel art cover of ""Dragon Ball Devolution"" game. Features a pixelated character with white hair, blue and orange checkered shirt, and large eyes. Background shows a blue sky and rocky cliff. Text reads ""DRAGON BALL"" in yellow and red, with ""DEVOLUTION"" below in blue. Character and text are centered, with rocky cliff on the right. Retro"
dataset/fighting/roarks-attack-on-titan-fan-game.png,"Digital game cover for ""Roark's Attack Titan Game."" Two soldiers, one in a red jacket and the other in black, swing from a large tree using grappling hooks. The background features a green grassy field, tall trees, and mountains under a green sky with white clouds. One soldier fires a weapon, creating a bright explosion. The text ""ROARK'S ATTACK TIT"
dataset/fighting/adventure-time-pirates-of-the-enchiridion.png,"Digital cover art for ""Adventure Time: Pirates of the Enchiridion."" Features vibrant colors with a blue sky and ocean. Cartoon characters include Finn (blue shirt, white hat), Jake (orange dog), Princess Bubblegum (pink hair, blue dress), and Marceline (black hair, red dress). They stand on a wooden pirate ship, with Finn holding a sword"
dataset/fighting/drive-ahead.png,"Pixel art cover of a racing game featuring two cartoonish, pixelated vehicles: a blue car with large blue tires and a red, serpentine dragon with yellow accents. The background has red Chinese lanterns and a brown gradient with light beams. The bottom right corner displays a golden ""2P"" logo. The style is retro 8-bit, with vibrant colors and detailed pixel"
dataset/fighting/rag-doll-kung-fu-fists-of-plastic.png,"Digital cover art for ""Rag Doll Kung Fu Fists of Plastic."" Features a caricatured, elderly Asian man with a white beard, raising a wooden shoe and fist in the air. Two black children, one with an afro and the other with a mohawk, hold red and green objects respectively. Bright yellow sunburst background. Bold, red and yellow text reads"
dataset/fighting/terrorhythm.png,"Digital art cover of ""Terrordrhythm: Music Powered Beat 'Em Up Game."" Features a dynamic, crouching character with a red mask, white hair, gray gloves, and blue jeans, wearing red and white sneakers. Background is red and black with abstract geometric shapes. Character's pose suggests readiness for action. Visible text includes ""Terrordrhythm"" and ""Music"
dataset/fighting/the-way-of-life.png,"Digital cover art for ""The Way of Life: Definitive Edition"" featuring a bright blue sky background with a purple tree branch on the right. Silhouetted white figures, including a family with a child holding a balloon, are at the top. In the foreground, a tall man in a blue shirt holds hands with a small boy in a red shirt, while an elderly"
dataset/fighting/godzilla-unleashed.png,"Digital cover art for ""Godzilla Unleashed."" Features a roaring, green, scaly Godzilla with purple spikes, standing on a rubble-strewn ground. Background: red sunburst with black city skyline and flying monsters. Text: bold, metallic ""GODZILLA UNLEASHED"" in top center. Godzilla's texture is detailed and rough. Colors: green,"
dataset/fighting/blazblue-calamity-trigger.png,"Digital anime-style cover for the video game ""BlazBlue."" Features seven characters in dynamic poses: a red-armored male, a blonde female, a black-haired male, a blue-haired male, a purple-haired female, a blonde male, and a dark-haired male. Background is a blue, glowing, futuristic design with circular patterns. Characters hold various weapons, including guns and swords"
dataset/fighting/chubby-bear-smash.png,"CGI cover art for ""Chubby Bee Smash"" featuring a blue, cartoon bear with a black nose holding a honeycomb, wearing white shorts with red paw prints. The bear stands against a yellow gradient background with three animated bees. Bold, colorful text reads ""Chubby Bee Smash"" in blue and orange. The style is playful and vibrant, with a focus on bright, cheerful"
dataset/fighting/dragon-ball-z-budokai-2.png,"Digital art of ""Dragon Ball Z: Budokai 2"" cover. Features Goku with spiky blonde hair, blue gi, and yellow belt, center, shouting. Behind him, a large menacing face with red eyes and sharp teeth looms. To the left, Vegeta with white hair, and to the right, Trunks with black hair, both with determined expressions."
dataset/fighting/way-of-the-samurai-2.png,"This digital cover art for ""Way of the Samurai 2"" features a silhouetted samurai holding a katana against a vibrant red background. The samurai's figure is dark and shadowy, with only the sword and the outline of their hair and robes visible. Bold white text reads ""WAY OF THE SAMURAI 2"" with Japanese characters below. A large"
dataset/fighting/battletoads-and-double-dragon.png,"This is a colorful, comic-style video game cover for ""The Ultimate Team in the Ultimate Game!: Double Dragon."" It features muscular characters in dynamic poses: a blonde man in a red suit on the left, and a green, yellow, and black humanoid dragon on the right. A fierce bull and a red, horned creature are in the foreground. The background shows a cityscape"
dataset/fighting/ready-2-rumble-boxing.png,"Digital cover art for ""Ready 2 Rumble Boxing"" featuring two muscular, shirtless boxers. The boxer on the left has a large black afro and wears orange gloves, while the right boxer has a mohawk and orange gloves. Both have serious expressions. The background is white, with bold, yellow and red text reading ""READY 2 RUMBLE"" above and"
dataset/fighting/ufc-2009-undisputed.png,"Photograph-style video game cover featuring a muscular, shirtless male fighter with wet, dark brown hair and a bruised face, extending his right fist towards the viewer. Background shows a dimly lit UFC octagon with a chain-link fence and blurred crowd. Text reads ""UFC 2009 Undisputed"" in bold red and white letters at the top. The fighter's"
dataset/fighting/crooks-like-us.png,"Cartoon-style video game cover featuring ""Cooks Like Us"" text in bold, orange, and yellow letters. Background is blue with money symbols. Characters include a bald man in a striped shirt, a yellow chef's hat, a frying pan with a grey handle, and a metallic cooking utensil. Colors are vibrant, with dominant orange, yellow, and blue. Style is playful"
dataset/fighting/introvert-a-teenager-simulator.png,"Digital cover art for ""Intróvert: A Teenager Simulator"" in a bold, black-and-white comic style. A screaming, disheveled teenage boy with wild hair occupies the center, mouth open in rage. Above, black text on yellow background reads ""INTRÓVERT: A TEENAGER SIMULATOR."" Below, a yellow road sign with a white border shows a"
dataset/fighting/project-justice.png,"Digital anime-style cover for ""Project Justice."" Features a fierce, muscular male character with spiky black hair in the foreground, wearing a blue school uniform. Behind him, a large, menacing purple robot looms. To the right, a red-haired female character with a white headband and blue school uniform. In the background, two other female characters, one with short brown hair,"
dataset/fighting/fire-pro-wrestling-world.png,"Photorealistic video game cover for ""Firefighting: Too Much Work!"" featuring four muscular men with intense expressions, each in a vertical panel. The central logo is bold, with ""Fire"" in red, ""Fighting"" in yellow, and ""Work"" in white, surrounded by flames and wings. Background is dark with electric sparks. Men have varied hair colors and styles"
dataset/fighting/kiai-resonance.png,"Traditional Japanese-style illustration of a village scene at sunset. Two samurai, one in red and white, the other in black, face each other with swords. Background includes trees, thatched roofs, and a pink sky. Foreground has a blue basket and a straw hat. Visible characters: two samurai. Visible text: none. Style: traditional Japanese woodblock print. Colors"
dataset/fighting/the-king-of-fighters-2002.png,"Digital cover art in a monochromatic black-and-white style with a vibrant pink background. Features a male character with spiky white hair, wearing a dark jacket and belt with a patterned buckle, pointing forward with a serious expression. The character's shadow is prominent, creating a dramatic effect. The text ""GEO:2"" is bold and stylized, partially overlapping the character"
dataset/fighting/samurai-shodown-v.png,"Digital anime-style video game cover for ""Samurai Shodown."" Features five muscular, fierce characters with distinct weapons: a white-haired woman with blue eyes in a blue kimono, a red-haired man with spiked hair and a green robe, a bald, bearded man in green, and two large, muscular figures with red skin and menacing expressions. Background is a fiery, orange"
dataset/fighting/naruto-clash-of-ninja.png,"Anime-style cover for ""Naruto: Clash of Ninja."" Features Naruto (orange jumpsuit, blonde spiky hair, headband) in the center, wielding a kunai, surrounded by other ninja characters (black-haired, gray-haired, pink-haired) with serious expressions. Background has blue, abstract ninja faces. Text reads ""SHONEN JUMP'S NARUTO CL"
dataset/fighting/lbx-little-battlers-experience.png,"Game cover for ""Little Battles Experience"" featuring colorful, detailed, anime-style robot warriors in action poses. The central robot, with a dark, angular helmet and green laser beams, is flanked by two robots with shields and weapons. Background has a fiery, orange-red explosion. Text reads ""Battle custom robots with up to six players!"" and ""Little Battles Experience."" ESRB"
dataset/fighting/for-honor.png,"Digital game cover for ""For Honor"" featuring three muscular, armored warriors with medieval and fantasy armor. Central warrior raises a sword, flanked by two others with shields. Background includes three banners with intricate designs and a cloudy, battle-scarred sky. Text ""FOR HONOR"" in bold, metallic letters overlays the center. Ground is littered with debris and scattered weapons."
dataset/fighting/magical-battle-arena.png,"This is a colorful anime-style video game cover for ""Magical Battle Arena."" It features five cute, young female characters with large, expressive eyes, wearing futuristic, fantasy-themed outfits. The characters have varied hair colors: pink, orange, blonde, and red. The background is a vibrant blue with a starry pattern. Visible text includes ""Magical Battle Arena"" in blue and"
dataset/fighting/floppy-minecraft.png,"This digital game cover in a blocky, pixel art style features a green, textured, square-shaped axe and a blue and gray, zigzag-patterned hammer. The background shows a grassy, rolling landscape with brown hills and green trees under a blue sky. Text reads ""FALLING BLOCKS!"" in yellow, bold letters, with ""RAGDOLL!"" in yellow"
dataset/fighting/princess-edge-dragonstone.png,"Anime-style cover of ""Princess Edge DragonStone"" featuring a pink-haired girl with green eyes, wearing a white bikini top, black wristband, and gold bracelet. She's posed dynamically with one arm extended. Background has a purple and orange gradient with a yellow dragon-shaped object. Text ""Princess Edge DragonStone"" is at the top in white and purple. The cover has"
dataset/fighting/naruto-shippuden-ultimate-ninja-storm-3.png,"This is a digital cover for the video game ""Naruto: Ultimate Ninja Storm 2."" It features a central illustration of Naruto Uzumaki, a blonde-haired anime character with blue eyes, wearing his signature orange pants and black headband with a white symbol. His right fist is raised in a ninja stance. Surrounding him are other anime characters from the series, including Sas"
dataset/fighting/delta-force.png,"This video game cover features a metallic, triangular logo with a lightning bolt design, centered against a red, grid-patterned background. The logo is silver with a textured, marble-like appearance. Below the logo, the word ""DELTA FORCE"" is written in bold, white, uppercase letters. In the background, two red, semi-transparent, shadowy figures in military gear are visible"
dataset/fighting/ruvato-original-complex.png,"Digital anime-style game cover featuring two female characters with light gray and blonde hair, green and red eyes. The taller character wears a black and white futuristic outfit with armor, while the shorter character wears a white dress with a black jacket. Both hold weapons. Background is white with red and black text ""RUVATO ORIGINAL COMPLETE"". Characters have green and black accents on their clothing. Style"
dataset/fighting/nidhogg.png,"Digital cover art for a video game featuring two stylized, minimalist human figures in yellow and orange, swinging on a chain above a pixelated white chandelier against a black background. The word ""mohou"" in bold, graffiti-like, orange and yellow text is at the top. The chain is grey and the chandelier has a jagged, fragmented appearance. The overall style"
dataset/fighting/bloody-bunny-the-game.png,"Digital cover art for ""Bloody Bunny: The Game"" by Quantum Peaks. Features a white, anthropomorphic bunny with red eyes, yellow sclera, and a stitched-up ear, set against a dynamic red and black background with brushstroke textures. The bunny has a fierce, determined expression. Bold, white text reads ""Bloody Bunny: The Game"" with ""Bloody"
dataset/fighting/double-dragon-neon.png,"Dynamic video game cover for ""Double Dragon Neon"" in vibrant, comic-book style. Features six muscular, colorful characters with varied hairstyles, fighting in a neon-lit, futuristic city street. A menacing, skeletal dragon with a sword hovers above. Characters wear red, blue, and orange outfits, showcasing ripped clothes and muscular physiques. Background includes glowing neon signs and a full moon"
dataset/fighting/z.png,"A digital cover art of a video game featuring a muscular, armored soldier in a black cowboy hat and sunglasses, firing a gun with a bright yellow flame. The soldier wears an American flag patch on the shoulder and ""DEER 200"" on the chest. Background shows an explosion with orange flames and a blue sky. A large black ""Z"" is in the top left corner."
dataset/fighting/koihime-enbu.png,"Anime-style video game cover featuring a central character with long black hair, green and black outfit, thigh-high stockings, and a staff. Surrounding her are various anime girls with different hair colors and expressions. Background is a gradient of purple and blue with bright yellow light. Japanese text at the bottom with ""ROHIME EMBU"" in bold. Characters have large, expressive eyes"
dataset/fighting/dead-or-alive-2.png,"Digital cover art for ""Dead or Alive 2"". Features three characters: a brown-haired woman in the center with a serious expression, a red-haired woman on the left with a shy look, and a blonde woman on the right with a confident smile. Background is a fiery red and orange gradient with white castle silhouettes. Text ""DEAD OR ALIVE 2"" is"
dataset/fighting/batman-arkham-origins.png,"Photograph-style cover of ""Batman: Arkham Origins"" featuring a dark, armored Batman with a stern expression, wearing a black cowl and cape. Snowflakes fall against a gradient blue background. Batman's muscular chest and gloved hands are visible, holding a grappling hook. The ""Batman"" logo and ""ARKHAM ORIGINS"" text are centered at the top."
dataset/fighting/wwe-smackdown-vs-raw-2007.png,"Video game cover for ""SmackDown! vs. RAW 2007."" Features a muscular, shirtless male wrestler with blond hair, raised arms, and an intense expression. Background split into blue and red, with blue and red muscular silhouettes. Text includes ""SmackDown! vs. RAW 2007"" in bold, with ""2007"" in white below"
